{"cameraMode":{"drawMode":0,"name":"Shaded","section":"Shading Mode"},"sceneLighting":true,"audioPlay":false,"sceneViewState":{"m_AlwaysRefresh":false,"showFog":true,"showSkybox":true,"showFlares":true,"showImageEffects":true,"showParticleSystems":true,"showVisualEffectGraphs":true,"m_FxEnabled":true},"in2DMode":false,"pivot":{"x":0.7190045118331909,"y":0.6460432410240173,"z":-0.7791156768798828},"rotation":{"x":-0.013512012548744679,"y":0.9788114428520203,"z":-0.19211480021476746,"w":-0.0688241645693779},"size":3.243593454360962,"orthographic":false}